setting,metric,method_a,method_b,n,mean_a,mean_b,mean_diff,sd_diff,ci95_low,ci95_high,cohens_dz,p_sign_exact,per_seed_diffs
primary_resnet18_exp,best_test_acc_pct,tgies,baseline,3,94.84666666666665,95.03000000000002,-0.18333333333333712,0.16502525059314618,-0.5932787817382372,0.22661211507156293,-1.110941099464395,0.25,-0.3500;-0.0200;-0.1800
primary_resnet18_exp,best_test_acc_pct,tgies,ies_shipped,3,94.84666666666665,94.71333333333332,0.1333333333333305,0.2484619353811271,-0.48388033030461286,0.7505469969712739,0.5366348496352346,1.0,0.0000;0.4200;-0.0200
primary_resnet18_exp,best_test_acc_pct,tgies,ies_alg1,3,94.84666666666665,94.85000000000001,-0.0033333333333350388,0.43935558871298613,-1.0947531201645773,1.0880864534979073,-0.007586869085014816,1.0,-0.3100;0.5000;-0.2000
primary_resnet18_exp,backprop_saved_pct,tgies,baseline,3,53.632000000000005,0.031999999999998696,53.6,0.29907864918780236,52.85704744874529,54.34295255125471,179.21707265149044,0.25,53.4509;53.4048;53.9443
primary_resnet18_exp,backprop_saved_pct,tgies,ies_shipped,3,53.632000000000005,45.65973333333333,7.972266666666667,0.5631324808012212,6.573368034344226,9.371165298989109,14.157000241441903,0.25,8.1274;7.3478;8.4416
primary_resnet18_exp,backprop_saved_pct,tgies,ies_alg1,3,53.632000000000005,49.02037333333333,4.6116266666666705,0.24541753917219325,4.0019757024611335,5.2212776308722075,18.790941683393694,0.25,4.8915;4.4333;4.5101
primary_resnet18_exp,flop_saved_pct,tgies,baseline,3,35.735661881023965,0.02132199396241985,35.71433988706155,0.1992797860085102,35.21930145542966,36.20937831869344,179.217072651495,0.25,35.6150;35.5843;35.9438
primary_resnet18_exp,flop_saved_pct,tgies,ies_shipped,3,35.735661881023965,30.423642451851862,5.3120194291721035,0.37522210486527213,4.37991604815889,6.244122810185317,14.157000241442187,0.25,5.4154;4.8960;5.6247
primary_resnet18_exp,flop_saved_pct,tgies,ies_alg1,3,35.735661881023965,32.662878257785714,3.0727836232382466,0.16352472776570612,2.6665656801764728,3.4790015663000204,18.790941683393896,0.25,3.2593;2.9539;3.0051
secondary_resnet18_fixed,best_test_acc_pct,tgies,baseline,3,91.91333333333334,92.20666666666666,-0.29333333333333655,0.25774664562964705,-0.9336114958431706,0.3469448291764975,-1.1380684804520156,0.25,-0.5700;-0.2500;-0.0600
secondary_resnet18_fixed,best_test_acc_pct,tgies,ies_shipped,3,91.91333333333334,91.69333333333333,0.21999999999999412,0.2685144316419519,-0.44702682581607,0.8870268258160582,0.8193228149962201,1.0,-0.0700;0.2700;0.4600
secondary_resnet18_fixed,best_test_acc_pct,tgies,ies_alg1,3,91.91333333333334,91.76666666666667,0.14666666666666117,0.18583146486354984,-0.3149642832480503,0.6082976165813727,0.7892456036675697,1.0,-0.0600;0.3000;0.2000
secondary_resnet18_fixed,backprop_saved_pct,tgies,baseline,3,29.27445333333333,0.031999999999998696,29.242453333333334,0.2960789228116956,28.506952515494724,29.977954151171943,98.76573805265886,0.25,29.5424;29.2346;28.9504
secondary_resnet18_fixed,backprop_saved_pct,tgies,ies_shipped,3,29.27445333333333,44.49984,-15.225386666666665,0.07845244504369078,-15.420273343986047,-15.030499989347284,-194.07153796401792,0.25,-15.1373;-15.2877;-15.2512
secondary_resnet18_fixed,backprop_saved_pct,tgies,ies_alg1,3,29.27445333333333,49.41717333333333,-20.14272,0.13597402104814374,-20.48049819351673,-19.80494180648327,-148.13653258711938,0.25,-20.0256;-20.1107;-20.2918
secondary_resnet18_fixed,flop_saved_pct,tgies,baseline,3,19.505928663331872,0.02132199396241985,19.48460666936945,0.1972810313935076,18.994533419453408,19.974679919285496,98.7657380526584,0.25,19.6845;19.4793;19.2900
secondary_resnet18_fixed,flop_saved_pct,tgies,ies_shipped,3,19.505928663331872,29.650791244027175,-10.144862580695301,0.05227382998621746,-10.274717973106574,-10.015007188284029,-194.07153796402713,0.25,-10.0862;-10.1864;-10.1621
secondary_resnet18_fixed,flop_saved_pct,tgies,ies_alg1,3,19.505928663331872,32.92727098291979,-13.421342319587913,0.09060116424484511,-13.646408088425483,-13.196276550750342,-148.13653258712444,0.25,-13.3433;-13.4000;-13.5207
secondary_vgg16_exp,best_test_acc_pct,tgies,baseline,3,93.11333333333334,93.3,-0.18666666666666268,0.1167618659209219,-0.4767192211060687,0.1033858877727433,-1.5986954747116193,0.25,-0.2900;-0.0600;-0.2100
secondary_vgg16_exp,best_test_acc_pct,tgies,ies_shipped,3,93.11333333333334,93.31333333333333,-0.1999999999999981,0.14730919862656777,-0.565936335609737,0.16593633560974083,-1.3576884666041984,0.25,-0.3700;-0.1200;-0.1100
secondary_vgg16_exp,best_test_acc_pct,tgies,ies_alg1,3,93.11333333333334,93.15333333333332,-0.03999999999999678,0.18330302779823587,-0.49534996404873827,0.41534996404874475,-0.21821789023597213,1.0,-0.0800;-0.2000;0.1600
secondary_vgg16_exp,backprop_saved_pct,tgies,baseline,3,54.43114666666667,0.031999999999998696,54.399146666666674,0.1156300122517233,54.11190579261121,54.68638754072214,470.45871229556957,0.25,54.3264;54.5325;54.3386
secondary_vgg16_exp,backprop_saved_pct,tgies,ies_shipped,3,54.43114666666667,37.70837333333333,16.72277333333334,0.9091078539608672,14.464424229175807,18.981122437490875,18.394707801141905,0.25,15.6851;17.1040;17.3792
secondary_vgg16_exp,backprop_saved_pct,tgies,ies_alg1,3,54.43114666666667,41.01632,13.414826666666665,1.094934013963093,10.694859790600491,16.134793542732837,12.25172156092946,0.25,12.5043;13.1104;14.6298
secondary_vgg16_exp,flop_saved_pct,tgies,baseline,3,36.25515090848688,0.021314355844392896,36.23383655264249,0.07701810085701294,36.042512983809,36.425160121475976,470.45871229559395,0.25,36.1854;36.3226;36.1935
secondary_vgg16_exp,flop_saved_pct,tgies,ies_shipped,3,36.25515090848688,25.116552735619308,11.138598172867574,0.6055327593828972,9.634371409527711,12.642824936207438,18.394707801141923,0.25,10.4474;11.3925;11.5758
secondary_vgg16_exp,flop_saved_pct,tgies,ies_alg1,3,36.25515090848688,27.31988874710684,8.935262161380042,0.7293066624917833,7.123563977585299,10.746960345174784,12.251721560929399,0.25,8.3288;8.7325;9.7445
adam,best_test_acc_pct,tgies,baseline,3,92.44333333333333,92.90666666666668,-0.46333333333333354,0.16289055630494667,-0.8679759071536597,-0.05869075951300734,-2.8444456440183634,0.25,-0.6500;-0.3900;-0.3500
adam,best_test_acc_pct,tgies,ies_shipped,3,92.44333333333333,92.61,-0.16666666666666666,0.16563010998406438,-0.5781146690949095,0.24478133576157615,-1.0062582623576233,0.25,-0.3400;-0.0100;-0.1500
adam,best_test_acc_pct,tgies,ies_alg1,3,92.44333333333333,92.42,0.023333333333335798,0.18502252115170792,-0.43628808900003024,0.4829547556667019,0.1261107739106192,1.0,-0.1600;0.0200;0.2100
adam,backprop_saved_pct,tgies,baseline,3,30.17984,0.031999999999998696,30.14784,0.6199195405857134,28.607874490922175,31.687805509077823,48.631859501501864,0.25,30.8269;29.6122;30.0045
adam,backprop_saved_pct,tgies,ies_shipped,3,30.17984,56.02496,-25.845120000000005,0.578397499303035,-27.281939040454795,-24.408300959545215,-44.68401061751339,0.25,-25.1776;-26.1600;-26.1978
adam,backprop_saved_pct,tgies,ies_alg1,3,30.17984,60.094293333333326,-29.91445333333333,0.9110170890457182,-32.177545240365916,-27.651361426300745,-32.836325128289786,0.25,-28.9389;-30.7430;-30.0614
adam,flop_saved_pct,tgies,baseline,3,20.109198945842078,0.02132199396241985,20.087876951879657,0.41306002192367997,19.061778974164035,21.11397492959528,48.6318595015018,0.25,20.5403;19.7309;19.9924
adam,flop_saved_pct,tgies,ies_shipped,3,20.109198945842078,37.33012058953409,-17.220921643692012,0.3853933746256536,-18.178291859494326,-16.2635514278897,-44.684010617513366,0.25,-16.7761;-17.4307;-17.4559
adam,flop_saved_pct,tgies,ies_alg1,3,20.109198945842078,40.041567488422444,-19.932368542580367,0.6070219022593331,-21.44029454189791,-18.424442543262824,-32.83632512828972,0.25,-19.2823;-20.4845;-20.0303
cifar100_resnet18_exp,best_test_acc_pct,tgies,baseline,3,76.01333333333334,76.88,-0.8666666666666648,0.41404508611181035,-1.895211679480607,0.16187834614727736,-2.093169791737673,0.25,-0.4900;-1.3100;-0.8000
cifar100_resnet18_exp,best_test_acc_pct,tgies,ies_shipped,3,76.01333333333334,76.87333333333333,-0.8600000000000042,0.2787471972953295,-1.552446424872083,-0.16755357512792535,-3.085232814336942,0.25,-0.6700;-0.7300;-1.1800
cifar100_resnet18_exp,best_test_acc_pct,tgies,ies_alg1,3,76.01333333333334,76.78,-0.7666666666666705,0.3523256069793054,-1.6418919938122034,0.10855866047886253,-2.1760174437497026,0.25,-0.3600;-0.9600;-0.9800
cifar100_resnet18_exp,backprop_saved_pct,tgies,baseline,3,57.76362666666666,0.031999999999998696,57.73162666666667,0.03791876228641577,57.637431239284545,57.825822094048796,1522.5082040019217,0.25,57.7741;57.7011;57.7197
cifar100_resnet18_exp,backprop_saved_pct,tgies,ies_shipped,3,57.76362666666666,11.974186666666663,45.78943999999999,0.2569167585036112,45.15122339139652,46.42765660860346,178.2267543257844,0.25,46.0672;45.7408;45.5603
cifar100_resnet18_exp,backprop_saved_pct,tgies,ies_alg1,3,57.76362666666666,18.494506666666666,39.269119999999994,0.44489483881025416,38.16393995310679,40.3743000468932,88.26607228129278,0.25,39.6218;39.4163;38.7693
cifar100_resnet18_exp,flop_saved_pct,tgies,baseline,3,38.48861559482584,0.02132199396241985,38.46729360086342,0.02526573814167149,38.404530027928125,38.53005717379872,1522.5082040020923,0.25,38.4956;38.4470;38.4593
cifar100_resnet18_exp,flop_saved_pct,tgies,ies_shipped,3,38.48861559482584,7.978547994112943,30.510067600712897,0.17118679917686364,30.084816017107826,30.93531918431797,178.22675432578808,0.25,30.6951;30.4777;30.3574
cifar100_resnet18_exp,flop_saved_pct,tgies,ies_alg1,3,38.48861559482584,12.323117483896622,26.165498110929217,0.29643890834456665,25.429103039452684,26.90189318240575,88.26607228129336,0.25,26.4005;26.2636;25.8324
densenet121_exp,best_test_acc_pct,tgies,baseline,3,95.27999999999999,95.36333333333334,-0.08333333333333807,0.2236813209307679,-0.6389885380924839,0.4723218714258078,-0.372553832329749,1.0,-0.1300;-0.2800;0.1600
densenet121_exp,best_test_acc_pct,tgies,ies_shipped,3,95.27999999999999,95.36333333333334,-0.08333333333333807,0.19425069712444487,-0.5658788156121104,0.3992121489454342,-0.42899888940914,1.0,-0.1300;-0.2500;0.1300
densenet121_exp,best_test_acc_pct,tgies,ies_alg1,3,95.27999999999999,95.24333333333334,0.03666666666666174,0.09814954576223327,-0.2071503213616361,0.2804836546949596,0.37357958594619006,1.0,-0.0200;-0.0200;0.1500
densenet121_exp,backprop_saved_pct,tgies,baseline,3,54.525866666666666,0.031999999999998696,54.49386666666667,0.6603833521018933,52.853383477436566,56.13434985589677,82.5185348679998,0.25,54.6931;55.0317;53.7568
densenet121_exp,backprop_saved_pct,tgies,ies_shipped,3,54.525866666666666,48.60373333333333,5.922133333333332,0.6300416714260579,4.357023057310791,7.487243609355874,9.399589903202708,0.25,6.5357;5.2768;5.9539
densenet121_exp,backprop_saved_pct,tgies,ies_alg1,3,54.525866666666666,51.60405333333333,2.9218133333333305,0.24361844703004495,2.316631561765186,3.526995104901475,11.993399387251612,0.25,2.7661;2.7968;3.2026
densenet121_exp,flop_saved_pct,tgies,baseline,3,36.33850220467932,0.021326246452135766,36.31717595822719,0.4401093162441877,35.22388380841124,37.41046810804314,82.51853486799897,0.25,36.4500;36.6756;35.8260
densenet121_exp,flop_saved_pct,tgies,ies_shipped,3,36.33850220467932,32.391724861270355,3.946777343408968,0.4198882487483957,2.903717109933048,4.989837576884888,9.3995899032029,0.25,4.3557;3.5167;3.9680
densenet121_exp,flop_saved_pct,tgies,ies_alg1,3,36.33850220467932,34.39127372862279,1.9472284760565302,0.1623583450515563,1.5439079882814186,2.350548963831642,11.993399387251667,0.25,1.8434;1.8639;2.1343
vit_cifar10,best_test_acc_pct,tgies,baseline,3,83.71333333333332,84.07333333333334,-0.35999999999999943,0.428835632847832,-1.4252867677396803,0.7052867677396815,-0.8394824786580686,1.0,0.0100;-0.8300;-0.2600
vit_cifar10,best_test_acc_pct,tgies,ies_shipped,3,83.71333333333332,83.92333333333333,-0.2099999999999985,0.2951270912674814,-0.9431363372043021,0.5231363372043051,-0.7115578549502595,1.0,0.1300;-0.3600;-0.4000
vit_cifar10,best_test_acc_pct,tgies,ies_alg1,3,83.71333333333332,83.86333333333333,-0.15000000000000094,0.24758836806280193,-0.7650436021186585,0.4650436021186567,-0.6058442937915111,1.0,-0.0600;-0.4300;0.0400
vit_cifar10,backprop_saved_pct,tgies,baseline,3,25.51765333333333,0.031999999999998696,25.485653333333335,0.258830221831482,24.842683418316867,26.128623248349804,98.46475095913033,0.25,25.7715;25.2672;25.4182
vit_cifar10,backprop_saved_pct,tgies,ies_shipped,3,25.51765333333333,13.134933333333331,12.38272,0.05431711332535718,12.24778881038999,12.517651189610012,227.97087772002976,0.25,12.4320;12.3245;12.3917
vit_cifar10,backprop_saved_pct,tgies,ies_alg1,3,25.51765333333333,16.683946666666667,8.833706666666666,0.08740238288132374,8.616587111246163,9.050826222087169,101.0694030923757,0.25,8.7533;8.8211;8.9267
vit_cifar10,flop_saved_pct,tgies,baseline,3,17.077581353864222,0.02141586438945131,17.05616548947477,0.17322102908231854,16.625860598646998,17.48647038030254,98.46475095913034,0.25,17.2475;16.9100;17.0110
vit_cifar10,flop_saved_pct,tgies,ies_shipped,3,17.077581353864222,8.790498469722772,8.287082884141448,0.036351497906318975,8.196780757310352,8.377385010972544,227.97087772003215,0.25,8.3201;8.2481;8.2931
vit_cifar10,flop_saved_pct,tgies,ies_alg1,3,17.077581353864222,11.165660602942006,5.911920750922214,0.058493674346905625,5.7666144085727575,6.05722709327167,101.06940309238686,0.25,5.8581;5.9035;5.9742
vit_cifar100,best_test_acc_pct,tgies,baseline,3,58.56,59.25,-0.6900000000000001,0.6722350779303331,-2.3599245083109643,0.9799245083109643,-1.0264266514094464,0.25,-0.2200;-1.4600;-0.3900
vit_cifar100,best_test_acc_pct,tgies,ies_shipped,3,58.56,59.18666666666667,-0.6266666666666699,0.684129617348447,-2.3261388489111834,1.0728055155778433,-0.9160057550139514,1.0,0.0100;-1.3500;-0.5400
vit_cifar100,best_test_acc_pct,tgies,ies_alg1,3,58.56,58.77,-0.2100000000000032,0.707672240518168,-1.967955300296147,1.5479553002961404,-0.2967475449457197,1.0,0.4300;-0.9700;-0.0900
vit_cifar100,backprop_saved_pct,tgies,baseline,3,26.27754666666667,0.031999999999998696,26.24554666666667,0.1373979291449964,25.90423128934835,26.58686204398499,191.01850246206894,0.25,26.1939;26.4013;26.1414
vit_cifar100,backprop_saved_pct,tgies,ies_shipped,3,26.27754666666667,8.384853333333334,17.892693333333337,0.11584235725041574,17.604924965058704,18.18046170160797,154.45726207603673,0.25,18.0250;17.8093;17.8438
vit_cifar100,backprop_saved_pct,tgies,ies_alg1,3,26.27754666666667,12.510933333333334,13.766613333333337,0.1618799423441103,13.36448126376524,14.168745402901434,85.04211907902382,0.25,13.9424;13.7338;13.6237
vit_cifar100,flop_saved_pct,tgies,baseline,3,17.58613674689902,0.02141586438945131,17.564720882509572,0.09195298181125897,17.33629701267574,17.793144752343405,191.01850246208005,0.25,17.5302;17.6689;17.4950
vit_cifar100,flop_saved_pct,tgies,ies_shipped,3,17.58613674689902,5.611527559752864,11.974609187146157,0.07752700666966673,11.782021426191676,12.167196948100639,154.45726207602118,0.25,12.0631;11.9188;11.9419
vit_cifar100,flop_saved_pct,tgies,ies_alg1,3,17.58613674689902,8.372889114128508,9.213247632770512,0.1083374653941701,8.944122449379288,9.482372816161737,85.04211907902268,0.25,9.3309;9.1913;9.1176
