run_name,method,dataset,model,optimizer,seed,epochs,best_test_acc_pct,cum_backprop_instances,backprop_saved_pct,total_time_s
baseline_cifar10_resnet18_SGD_exponential_learning_rate_seed0,baseline,cifar10,resnet18,SGD_exponential_learning_rate,0,200,94.96,9996800,0.031999999999998696,929.4054102897644
ies_shipped_cifar10_resnet18_SGD_exponential_learning_rate_seed0,ies_shipped,cifar10,resnet18,SGD_exponential_learning_rate,0,200,94.61,5464448,45.355520000000006,800.8003554344177
ies_alg1_cifar10_resnet18_SGD_exponential_learning_rate_seed0,ies_alg1,cifar10,resnet18,SGD_exponential_learning_rate,0,200,94.92,5140864,48.591359999999995,734.4575705528259
baseline_cifar10_resnet18_SGD_exponential_learning_rate_seed1,baseline,cifar10,resnet18,SGD_exponential_learning_rate,1,200,95.18,9996800,0.031999999999998696,943.470383644104
ies_shipped_cifar10_resnet18_SGD_exponential_learning_rate_seed1,ies_shipped,cifar10,resnet18,SGD_exponential_learning_rate,1,200,94.74,5391104,46.08896,756.8614094257355
ies_alg1_cifar10_resnet18_SGD_exponential_learning_rate_seed1,ies_alg1,cifar10,resnet18,SGD_exponential_learning_rate,1,200,94.66,5099648,49.00352,733.8242621421814
baseline_cifar10_resnet18_SGD_exponential_learning_rate_seed2,baseline,cifar10,resnet18,SGD_exponential_learning_rate,2,200,94.95,9996800,0.031999999999998696,946.6156227588654
ies_shipped_cifar10_resnet18_SGD_exponential_learning_rate_seed2,ies_shipped,cifar10,resnet18,SGD_exponential_learning_rate,2,200,94.79,5446528,45.53471999999999,756.9390397071838
ies_alg1_cifar10_resnet18_SGD_exponential_learning_rate_seed2,ies_alg1,cifar10,resnet18,SGD_exponential_learning_rate,2,200,94.97,5053376,49.46623999999999,739.055894613266
baseline_cifar10_vgg16_SGD_exponential_learning_rate_seed0,baseline,cifar10,vgg16,SGD_exponential_learning_rate,0,200,93.25,9996800,0.031999999999998696,944.8546769618988
ies_shipped_cifar10_vgg16_SGD_exponential_learning_rate_seed0,ies_shipped,cifar10,vgg16,SGD_exponential_learning_rate,0,200,93.33,6132672,38.67328,793.929563999176
ies_alg1_cifar10_vgg16_SGD_exponential_learning_rate_seed0,ies_alg1,cifar10,vgg16,SGD_exponential_learning_rate,0,200,93.04,5814592,41.85408,684.5684428215027
baseline_cifar10_resnet18_SGD_fixed_learning_rate_seed0,baseline,cifar10,resnet18,SGD_fixed_learning_rate,0,200,92.28,9996800,0.031999999999998696,942.9453728199005
ies_shipped_cifar10_resnet18_SGD_fixed_learning_rate_seed0,ies_shipped,cifar10,resnet18,SGD_fixed_learning_rate,0,200,91.78,5528832,44.71168,763.1175196170807
ies_alg1_cifar10_resnet18_SGD_fixed_learning_rate_seed0,ies_alg1,cifar10,resnet18,SGD_fixed_learning_rate,0,200,91.77,5040000,49.6,739.5526518821716
tgies_cifar10_resnet18_SGD_exponential_learning_rate_seed0,tgies,cifar10,resnet18,SGD_exponential_learning_rate,0,200,94.61,4651712,53.48288,720.9116461277008
tgies_cifar10_resnet18_SGD_exponential_learning_rate_seed1,tgies,cifar10,resnet18,SGD_exponential_learning_rate,1,200,95.16,4656320,53.4368,678.2831890583038
tgies_cifar10_resnet18_SGD_exponential_learning_rate_seed2,tgies,cifar10,resnet18,SGD_exponential_learning_rate,2,200,94.77,4602368,53.97632,700.4065539836884
baseline_cifar100_resnet18_SGD_exponential_learning_rate_seed0,baseline,cifar100,resnet18,SGD_exponential_learning_rate,0,200,76.46,9996800,0.031999999999998696,935.8510458469391
ies_shipped_cifar100_resnet18_SGD_exponential_learning_rate_seed0,ies_shipped,cifar100,resnet18,SGD_exponential_learning_rate,0,200,76.64,8826112,11.738879999999996,1899.1300840377808
tgies_cifar10_resnet18_SGD_exponential_learning_rate_seed0_ablation_deltaonly,tgies,cifar10,resnet18,SGD_exponential_learning_rate,0,200,94.68,3337856,66.62143999999999,3718.318314552307
ies_alg1_cifar100_resnet18_SGD_exponential_learning_rate_seed0,ies_alg1,cifar100,resnet18,SGD_exponential_learning_rate,0,200,76.33,8181568,18.18432,4057.6426758766174
tgies_cifar100_resnet18_SGD_exponential_learning_rate_seed0,tgies,cifar100,resnet18,SGD_exponential_learning_rate,0,200,75.97,4219392,57.80608,685.3002960681915
tgies_cifar10_resnet18_SGD_exponential_learning_rate_seed0_ablation_kstaronly,tgies,cifar10,resnet18,SGD_exponential_learning_rate,0,200,95.04,9659392,3.40608,956.0240123271942
baseline_cifar10_resnet18_Adam_seed0,baseline,cifar10,resnet18,Adam,0,200,92.98,9996800,0.031999999999998696,919.9052052497864
ies_shipped_cifar10_resnet18_Adam_seed0,ies_shipped,cifar10,resnet18,Adam,0,200,92.67,4396352,56.03648,653.1314973831177
ies_alg1_cifar10_resnet18_Adam_seed0,ies_alg1,cifar10,resnet18,Adam,0,200,92.49,4020224,59.79776,645.8841495513916
tgies_cifar10_resnet18_Adam_seed0,tgies,cifar10,resnet18,Adam,0,200,92.33,6914112,30.85888,814.6545238494873
baseline_cifar10_vgg16_SGD_exponential_learning_rate_seed1,baseline,cifar10,vgg16,SGD_exponential_learning_rate,1,200,93.21,9996800,0.031999999999998696,806.6812160015106
ies_shipped_cifar10_vgg16_SGD_exponential_learning_rate_seed1,ies_shipped,cifar10,vgg16,SGD_exponential_learning_rate,1,200,93.27,6253952,37.46048,684.2672009468079
ies_alg1_cifar10_vgg16_SGD_exponential_learning_rate_seed1,ies_alg1,cifar10,vgg16,SGD_exponential_learning_rate,1,200,93.35,5854592,41.454080000000005,641.1984951496124
tgies_cifar10_vgg16_SGD_exponential_learning_rate_seed1,tgies,cifar10,vgg16,SGD_exponential_learning_rate,1,200,93.15,4543552,54.56448,597.7489604949951
baseline_cifar10_vgg16_SGD_exponential_learning_rate_seed2,baseline,cifar10,vgg16,SGD_exponential_learning_rate,2,200,93.44,9996800,0.031999999999998696,808.7404282093048
ies_shipped_cifar10_vgg16_SGD_exponential_learning_rate_seed2,ies_shipped,cifar10,vgg16,SGD_exponential_learning_rate,2,200,93.34,6300864,36.99135999999999,679.5951042175293
ies_alg1_cifar10_vgg16_SGD_exponential_learning_rate_seed2,ies_alg1,cifar10,vgg16,SGD_exponential_learning_rate,2,200,93.07,6025920,39.7408,656.4118995666504
tgies_cifar10_vgg16_SGD_exponential_learning_rate_seed2,tgies,cifar10,vgg16,SGD_exponential_learning_rate,2,200,93.23,4562944,54.37056,605.300689458847
baseline_cifar10_resnet18_SGD_fixed_learning_rate_seed1,baseline,cifar10,resnet18,SGD_fixed_learning_rate,1,200,92.21,9996800,0.031999999999998696,900.0099530220032
ies_shipped_cifar10_resnet18_SGD_fixed_learning_rate_seed1,ies_shipped,cifar10,resnet18,SGD_fixed_learning_rate,1,200,91.69,5544576,44.55424,710.248517036438
ies_alg1_cifar10_resnet18_SGD_fixed_learning_rate_seed1,ies_alg1,cifar10,resnet18,SGD_fixed_learning_rate,1,200,91.66,5062272,49.37728,689.8806581497192
tgies_cifar10_resnet18_SGD_fixed_learning_rate_seed1,tgies,cifar10,resnet18,SGD_fixed_learning_rate,1,200,91.96,7073344,29.26656,806.6359684467316
baseline_cifar10_resnet18_SGD_fixed_learning_rate_seed2,baseline,cifar10,resnet18,SGD_fixed_learning_rate,2,200,92.13,9996800,0.031999999999998696,908.8041253089905
ies_shipped_cifar10_resnet18_SGD_fixed_learning_rate_seed2,ies_shipped,cifar10,resnet18,SGD_fixed_learning_rate,2,200,91.61,5576640,44.233599999999996,720.1787595748901
ies_alg1_cifar10_resnet18_SGD_fixed_learning_rate_seed2,ies_alg1,cifar10,resnet18,SGD_fixed_learning_rate,2,200,91.87,5072576,49.274240000000006,699.5898678302765
tgies_cifar10_resnet18_SGD_fixed_learning_rate_seed2,tgies,cifar10,resnet18,SGD_fixed_learning_rate,2,200,92.07,7101760,28.9824,808.2369904518127
tgies_cifar10_vgg16_SGD_exponential_learning_rate_seed0,tgies,cifar10,vgg16,SGD_exponential_learning_rate,0,200,92.96,4564160,54.3584,1028.4945979118347
infobatch_cifar10_resnet18_SGD_exponential_learning_rate_seed1,infobatch,cifar10,resnet18,SGD_exponential_learning_rate,1,200,94.45,6108864,38.911359999999995,2687.1746389865875
infobatch_cifar10_resnet18_SGD_exponential_learning_rate_seed2,infobatch,cifar10,resnet18,SGD_exponential_learning_rate,2,200,94.23,6109632,38.903679999999994,2687.438278913498
infobatch_cifar10_resnet18_SGD_exponential_learning_rate_seed0,infobatch,cifar10,resnet18,SGD_exponential_learning_rate,0,200,94.27,6107072,38.92928,2687.911698102951
tgies_cifar10_resnet18_SGD_fixed_learning_rate_seed0,tgies,cifar10,resnet18,SGD_fixed_learning_rate,0,200,91.71,7042560,29.5744,3072.720231771469
bls_infobatch_cifar10_resnet18_SGD_exponential_learning_rate_seed1,bls_infobatch,cifar10,resnet18,SGD_exponential_learning_rate,1,200,94.74,6410560,35.894400000000005,1990.2331216335297
bls_infobatch_cifar10_resnet18_SGD_exponential_learning_rate_seed2,bls_infobatch,cifar10,resnet18,SGD_exponential_learning_rate,2,200,94.48,6426432,35.73568,1994.2057118415833
bls_infobatch_cifar10_resnet18_SGD_exponential_learning_rate_seed0,bls_infobatch,cifar10,resnet18,SGD_exponential_learning_rate,0,200,94.82,6409984,35.90016,1995.3183853626251
alignprune_cifar10_resnet18_SGD_exponential_learning_rate_seed0,alignprune,cifar10,resnet18,SGD_exponential_learning_rate,0,200,94.45,7924864,20.75136,1996.6900568008423
alignprune_cifar10_resnet18_SGD_exponential_learning_rate_seed1,alignprune,cifar10,resnet18,SGD_exponential_learning_rate,1,200,94.53,7911872,20.881280000000004,2000.095808506012
alignprune_cifar10_resnet18_SGD_exponential_learning_rate_seed2,alignprune,cifar10,resnet18,SGD_exponential_learning_rate,2,200,94.45,7914880,20.851200000000002,1999.7783563137054
infobatch_cifar10_vgg16_SGD_exponential_learning_rate_seed0,infobatch,cifar10,vgg16,SGD_exponential_learning_rate,0,200,92.64,6108160,38.9184,1374.2442893981934
bls_infobatch_cifar10_vgg16_SGD_exponential_learning_rate_seed0,bls_infobatch,cifar10,vgg16,SGD_exponential_learning_rate,0,200,92.85,6362048,36.37952,1409.656462430954
alignprune_cifar10_vgg16_SGD_exponential_learning_rate_seed0,alignprune,cifar10,vgg16,SGD_exponential_learning_rate,0,200,92.75,7727360,22.7264,1514.5017008781433
infobatch_cifar100_resnet18_SGD_exponential_learning_rate_seed0,infobatch,cifar100,resnet18,SGD_exponential_learning_rate,0,200,75.41,6482688,35.173120000000004,1654.8666326999664
bls_infobatch_cifar100_resnet18_SGD_exponential_learning_rate_seed0,bls_infobatch,cifar100,resnet18,SGD_exponential_learning_rate,0,200,76.0,6906560,30.934399999999997,1725.271889448166
alignprune_cifar100_resnet18_SGD_exponential_learning_rate_seed0,alignprune,cifar100,resnet18,SGD_exponential_learning_rate,0,200,75.85,7746368,22.53632,1807.7964396476746
tgies_cifar10_resnet18_SGD_exponential_learning_rate_seed0_epspct5,tgies,cifar10,resnet18,SGD_exponential_learning_rate,0,200,94.63,4737792,52.62208,1435.143877029419
tgies_cifar10_vgg16_SGD_exponential_learning_rate_seed0_epspct5,tgies,cifar10,vgg16,SGD_exponential_learning_rate,0,200,93.22,4567488,54.325120000000005,1435.928850889206
tgies_cifar10_vgg16_SGD_exponential_learning_rate_seed0_epspct10,tgies,cifar10,vgg16,SGD_exponential_learning_rate,0,200,92.94,4585984,54.140159999999995,1437.5879955291748
tgies_cifar10_resnet18_SGD_exponential_learning_rate_seed0_epspct10,tgies,cifar10,resnet18,SGD_exponential_learning_rate,0,200,94.8,4619968,53.80032,1511.4607934951782
tgies_cifar10_resnet18_SGD_exponential_learning_rate_seed0_epspct20,tgies,cifar10,resnet18,SGD_exponential_learning_rate,0,200,94.76,4667584,53.32416,1510.2087228298187
tgies_cifar10_vgg16_SGD_exponential_learning_rate_seed0_epspct20,tgies,cifar10,vgg16,SGD_exponential_learning_rate,0,200,92.9,4596608,54.03392,1516.5840682983398
tgies_cifar10_resnet18_SGD_exponential_learning_rate_seed0_epspct35,tgies,cifar10,resnet18,SGD_exponential_learning_rate,0,200,94.67,4702080,52.979200000000006,1447.8444066047668
tgies_cifar10_vgg16_SGD_exponential_learning_rate_seed0_epspct35,tgies,cifar10,vgg16,SGD_exponential_learning_rate,0,200,93.3,4568256,54.317440000000005,1449.1541154384613
tgies_cifar10_vgg16_SGD_exponential_learning_rate_seed0_epspct50,tgies,cifar10,vgg16,SGD_exponential_learning_rate,0,200,93.03,4574144,54.25856,1445.8740191459656
tgies_cifar10_vgg16_SGD_exponential_learning_rate_seed0_epspct80,tgies,cifar10,vgg16,SGD_exponential_learning_rate,0,200,92.9,4584000,54.16000000000001,1515.2280268669128
tgies_cifar10_resnet18_SGD_exponential_learning_rate_seed0_epspct80,tgies,cifar10,resnet18,SGD_exponential_learning_rate,0,200,94.65,4712768,52.872319999999995,1516.5754158496857
tgies_cifar10_resnet18_SGD_exponential_learning_rate_seed0_epspct50,tgies,cifar10,resnet18,SGD_exponential_learning_rate,0,200,94.74,4712768,52.872319999999995,1519.8499150276184
baseline_cifar10_resnet18_Adam_seed1,baseline,cifar10,resnet18,Adam,1,200,92.88,9996800,0.031999999999998696,978.8925771713257
ies_alg1_cifar10_resnet18_Adam_seed1,ies_alg1,cifar10,resnet18,Adam,1,200,92.47,3961280,60.38719999999999,1584.875642299652
ies_shipped_cifar10_resnet18_Adam_seed1,ies_shipped,cifar10,resnet18,Adam,1,200,92.5,4419584,55.80416,1625.2725014686584
tgies_cifar10_resnet18_Adam_seed1,tgies,cifar10,resnet18,Adam,1,200,92.49,7035584,29.644159999999996,1904.857203245163
ies_shipped_cifar10_resnet18_Adam_seed2,ies_shipped,cifar10,resnet18,Adam,2,200,92.66,4376576,56.23424,1711.4645235538483
ies_alg1_cifar10_resnet18_Adam_seed2,ies_alg1,cifar10,resnet18,Adam,2,200,92.3,3990208,60.09792,1650.3495025634766
baseline_cifar10_resnet18_Adam_seed2,baseline,cifar10,resnet18,Adam,2,200,92.86,9996800,0.031999999999998696,2131.700113773346
tgies_cifar10_resnet18_Adam_seed2,tgies,cifar10,resnet18,Adam,2,200,92.51,6996352,30.036479999999997,992.7817268371582
baseline_cifar10_resnet18_SGD_linear_learning_rate_seed0,baseline,cifar10,resnet18,SGD_linear_learning_rate,0,200,95.15,9996800,0.031999999999998696,910.7303581237793
ies_shipped_cifar10_resnet18_SGD_linear_learning_rate_seed0,ies_shipped,cifar10,resnet18,SGD_linear_learning_rate,0,200,94.93,7917696,20.823040000000002,854.9244115352631
ies_alg1_cifar10_resnet18_SGD_linear_learning_rate_seed0,ies_alg1,cifar10,resnet18,SGD_linear_learning_rate,0,200,95.15,7525056,24.74944,817.9942121505737
tgies_cifar10_resnet18_SGD_linear_learning_rate_seed0,tgies,cifar10,resnet18,SGD_linear_learning_rate,0,200,94.85,6795456,32.04544,781.0071060657501
baseline_cifar10_resnet18_SGD_step_learning_rate_seed0,baseline,cifar10,resnet18,SGD_step_learning_rate,0,200,94.95,9996800,0.031999999999998696,908.8887646198273
ies_shipped_cifar10_resnet18_SGD_step_learning_rate_seed0,ies_shipped,cifar10,resnet18,SGD_step_learning_rate,0,200,94.57,7208128,27.918719999999997,811.9682116508484
ies_alg1_cifar10_resnet18_SGD_step_learning_rate_seed0,ies_alg1,cifar10,resnet18,SGD_step_learning_rate,0,200,94.56,6773056,32.26944,784.980706691742
tgies_cifar10_resnet18_SGD_step_learning_rate_seed0,tgies,cifar10,resnet18,SGD_step_learning_rate,0,200,94.44,5648064,43.51936,737.5302970409393
baseline_cifar10_resnet18_SGD_cosine_learning_rate_seed0,baseline,cifar10,resnet18,SGD_cosine_learning_rate,0,200,95.17,9996800,0.031999999999998696,913.0181384086609
ies_shipped_cifar10_resnet18_SGD_cosine_learning_rate_seed0,ies_shipped,cifar10,resnet18,SGD_cosine_learning_rate,0,200,94.64,8763392,12.366080000000002,904.7401957511902
ies_alg1_cifar10_resnet18_SGD_cosine_learning_rate_seed0,ies_alg1,cifar10,resnet18,SGD_cosine_learning_rate,0,200,95.08,8375168,16.248320000000007,880.376665353775
tgies_cifar10_resnet18_SGD_cosine_learning_rate_seed0,tgies,cifar10,resnet18,SGD_cosine_learning_rate,0,200,94.73,7684864,23.151359999999997,846.2887544631958
ies_alg1_cifar100_resnet18_SGD_exponential_learning_rate_seed1,ies_alg1,cifar100,resnet18,SGD_exponential_learning_rate,1,200,76.92,8168320,18.3168,2228.7855141162872
ies_shipped_cifar100_resnet18_SGD_exponential_learning_rate_seed1,ies_shipped,cifar100,resnet18,SGD_exponential_learning_rate,1,200,76.69,8800768,11.992320000000001,2298.800426006317
baseline_cifar100_resnet18_SGD_exponential_learning_rate_seed1,baseline,cifar100,resnet18,SGD_exponential_learning_rate,1,200,77.27,9996800,0.031999999999998696,2323.5344326496124
tgies_cifar100_resnet18_SGD_exponential_learning_rate_seed1,tgies,cifar100,resnet18,SGD_exponential_learning_rate,1,200,75.96,4226688,57.73311999999999,1749.9632070064545
baseline_cifar100_resnet18_SGD_exponential_learning_rate_seed2,baseline,cifar100,resnet18,SGD_exponential_learning_rate,2,200,76.91,9996800,0.031999999999998696,2234.092309474945
ies_shipped_cifar100_resnet18_SGD_exponential_learning_rate_seed2,ies_shipped,cifar100,resnet18,SGD_exponential_learning_rate,2,200,77.29,8780864,12.191359999999996,2219.9256179332733
ies_alg1_cifar100_resnet18_SGD_exponential_learning_rate_seed2,ies_alg1,cifar100,resnet18,SGD_exponential_learning_rate,2,200,77.09,8101760,18.9824,1619.561303138733
tgies_cifar100_resnet18_SGD_exponential_learning_rate_seed2,tgies,cifar100,resnet18,SGD_exponential_learning_rate,2,200,76.11,4224832,57.75167999999999,1122.6778173446655
baseline_cifar10_densenet121_SGD_exponential_learning_rate_seed0,baseline,cifar10,densenet121,SGD_exponential_learning_rate,0,200,95.37,9996800,0.031999999999998696,3129.0708532333374
ies_shipped_cifar10_densenet121_SGD_exponential_learning_rate_seed0,ies_shipped,cifar10,densenet121,SGD_exponential_learning_rate,0,200,95.37,5181056,48.18944,2269.449856042862
ies_alg1_cifar10_densenet121_SGD_exponential_learning_rate_seed0,ies_alg1,cifar10,densenet121,SGD_exponential_learning_rate,0,200,95.26,4804096,51.95904,2202.4602756500244
tgies_cifar10_densenet121_SGD_exponential_learning_rate_seed0,tgies,cifar10,densenet121,SGD_exponential_learning_rate,0,200,95.24,4527488,54.725120000000004,2106.7297763824463
ies_alg1_cifar10_densenet121_SGD_exponential_learning_rate_seed1,ies_alg1,cifar10,densenet121,SGD_exponential_learning_rate,1,200,95.24,4773312,52.26687999999999,19675.459758520126
ies_shipped_cifar10_densenet121_SGD_exponential_learning_rate_seed1,ies_shipped,cifar10,densenet121,SGD_exponential_learning_rate,1,200,95.47,5021312,49.78688,20100.91064620018
baseline_cifar10_densenet121_SGD_exponential_learning_rate_seed1,baseline,cifar10,densenet121,SGD_exponential_learning_rate,1,200,95.5,9996800,0.031999999999998696,26625.981400966644
tgies_cifar10_densenet121_SGD_exponential_learning_rate_seed1,tgies,cifar10,densenet121,SGD_exponential_learning_rate,1,200,95.22,4493632,55.06367999999999,19754.203407526016
ies_shipped_cifar10_densenet121_SGD_exponential_learning_rate_seed2,ies_shipped,cifar10,densenet121,SGD_exponential_learning_rate,2,200,95.25,5216512,47.83488,20996.257155179977
baseline_cifar10_densenet121_SGD_exponential_learning_rate_seed2,baseline,cifar10,densenet121,SGD_exponential_learning_rate,2,200,95.22,9996800,0.031999999999998696,28514.843492031097
ies_alg1_cifar10_densenet121_SGD_exponential_learning_rate_seed2,ies_alg1,cifar10,densenet121,SGD_exponential_learning_rate,2,200,95.23,4941376,50.586240000000004,16314.512554168701
tgies_cifar10_densenet121_SGD_exponential_learning_rate_seed2,tgies,cifar10,densenet121,SGD_exponential_learning_rate,2,200,95.38,4621120,53.788799999999995,10796.305845737457
baseline_cifar10_vit_tiny_cifar_AdamW_warmup_cosine_seed0,baseline,cifar10,vit_tiny_cifar,AdamW_warmup_cosine,0,200,84.25,9996800,0.031999999999998696,6198.394785165787
ies_alg1_cifar10_vit_tiny_cifar_AdamW_warmup_cosine_seed0,ies_alg1,cifar10,vit_tiny_cifar,AdamW_warmup_cosine,0,200,84.32,8294976,17.050240000000006,6134.74137878418
ies_shipped_cifar10_vit_tiny_cifar_AdamW_warmup_cosine_seed0,ies_shipped,cifar10,vit_tiny_cifar,AdamW_warmup_cosine,0,200,84.13,8662848,13.371520000000004,6290.860636711121
tgies_cifar10_vit_tiny_cifar_AdamW_warmup_cosine_seed0,tgies,cifar10,vit_tiny_cifar,AdamW_warmup_cosine,0,200,84.26,7419648,25.803520000000002,5816.8708662986755
baseline_cifar100_vit_tiny_cifar_AdamW_warmup_cosine_seed0,baseline,cifar100,vit_tiny_cifar,AdamW_warmup_cosine,0,200,59.19,9996800,0.031999999999998696,6501.397212266922
ies_shipped_cifar100_vit_tiny_cifar_AdamW_warmup_cosine_seed0,ies_shipped,cifar100,vit_tiny_cifar,AdamW_warmup_cosine,0,200,58.96,9179904,8.200960000000002,6495.164407253265
ies_alg1_cifar100_vit_tiny_cifar_AdamW_warmup_cosine_seed0,ies_alg1,cifar100,vit_tiny_cifar,AdamW_warmup_cosine,0,200,58.54,8771648,12.283520000000003,6362.873795032501
tgies_cifar100_vit_tiny_cifar_AdamW_warmup_cosine_seed0,tgies,cifar100,vit_tiny_cifar,AdamW_warmup_cosine,0,200,58.97,7377408,26.225920000000002,5794.695247411728
baseline_cifar10_vit_tiny_cifar_AdamW_warmup_cosine_seed1,baseline,cifar10,vit_tiny_cifar,AdamW_warmup_cosine,1,200,84.3,9996800,0.031999999999998696,6508.528218984604
ies_shipped_cifar10_vit_tiny_cifar_AdamW_warmup_cosine_seed1,ies_shipped,cifar10,vit_tiny_cifar,AdamW_warmup_cosine,1,200,83.83,8702528,12.974719999999994,6204.359539747238
ies_alg1_cifar10_vit_tiny_cifar_AdamW_warmup_cosine_seed1,ies_alg1,cifar10,vit_tiny_cifar,AdamW_warmup_cosine,1,200,83.9,8352192,16.478079999999995,6139.378171920776
tgies_cifar10_vit_tiny_cifar_AdamW_warmup_cosine_seed1,tgies,cifar10,vit_tiny_cifar,AdamW_warmup_cosine,1,200,83.47,7470080,25.2992,5698.332234382629
baseline_cifar100_vit_tiny_cifar_AdamW_warmup_cosine_seed1,baseline,cifar100,vit_tiny_cifar,AdamW_warmup_cosine,1,200,59.51,9996800,0.031999999999998696,6473.303489923477
ies_shipped_cifar100_vit_tiny_cifar_AdamW_warmup_cosine_seed1,ies_shipped,cifar100,vit_tiny_cifar,AdamW_warmup_cosine,1,200,59.4,9137600,8.623999999999999,6458.040354728699
ies_alg1_cifar100_vit_tiny_cifar_AdamW_warmup_cosine_seed1,ies_alg1,cifar100,vit_tiny_cifar,AdamW_warmup_cosine,1,200,59.02,8730048,12.699519999999998,6365.419101238251
tgies_cifar100_vit_tiny_cifar_AdamW_warmup_cosine_seed1,tgies,cifar100,vit_tiny_cifar,AdamW_warmup_cosine,1,200,58.05,7356672,26.433280000000003,5765.316797733307
baseline_cifar10_vit_tiny_cifar_AdamW_warmup_cosine_seed2,baseline,cifar10,vit_tiny_cifar,AdamW_warmup_cosine,2,200,83.67,9996800,0.031999999999998696,6435.990987062454
ies_shipped_cifar10_vit_tiny_cifar_AdamW_warmup_cosine_seed2,ies_shipped,cifar10,vit_tiny_cifar,AdamW_warmup_cosine,2,200,83.81,8694144,13.058559999999996,6291.267233133316
ies_alg1_cifar10_vit_tiny_cifar_AdamW_warmup_cosine_seed2,ies_alg1,cifar10,vit_tiny_cifar,AdamW_warmup_cosine,2,200,83.37,8347648,16.52352,6120.588866710663
tgies_cifar10_vit_tiny_cifar_AdamW_warmup_cosine_seed2,tgies,cifar10,vit_tiny_cifar,AdamW_warmup_cosine,2,200,83.41,7454976,25.45024,5775.3800394535065
baseline_cifar100_vit_tiny_cifar_AdamW_warmup_cosine_seed2,baseline,cifar100,vit_tiny_cifar,AdamW_warmup_cosine,2,200,59.05,9996800,0.031999999999998696,6432.548454523087
ies_shipped_cifar100_vit_tiny_cifar_AdamW_warmup_cosine_seed2,ies_shipped,cifar100,vit_tiny_cifar,AdamW_warmup_cosine,2,200,59.2,9167040,8.329600000000003,6476.130271196365
ies_alg1_cifar100_vit_tiny_cifar_AdamW_warmup_cosine_seed2,ies_alg1,cifar100,vit_tiny_cifar,AdamW_warmup_cosine,2,200,58.75,8745024,12.54976,5906.787142276764
tgies_cifar100_vit_tiny_cifar_AdamW_warmup_cosine_seed2,tgies,cifar100,vit_tiny_cifar,AdamW_warmup_cosine,2,200,58.66,7382656,26.173440000000003,5216.44230389595
baseline_cifar10_resnet18_SGD_exponential_learning_rate_seed0_traj,baseline,cifar10,resnet18,SGD_exponential_learning_rate,0,200,95.0,9996800,0.031999999999998696,2455.3650739192963
baseline_cifar10_resnet18_SGD_exponential_learning_rate_seed1_traj,baseline,cifar10,resnet18,SGD_exponential_learning_rate,1,200,95.24,9996800,0.031999999999998696,2455.4605231285095
baseline_cifar10_resnet18_SGD_exponential_learning_rate_seed2_traj,baseline,cifar10,resnet18,SGD_exponential_learning_rate,2,200,94.99,9996800,0.031999999999998696,2455.4799547195435
tgies_cifar10_resnet18_SGD_exponential_learning_rate_seed1_kstar1,tgies,cifar10,resnet18,SGD_exponential_learning_rate,1,200,94.73,3245952,67.54048,2713.660049200058
tgies_cifar10_resnet18_SGD_exponential_learning_rate_seed0_kstar1,tgies,cifar10,resnet18,SGD_exponential_learning_rate,0,200,94.44,3291456,67.08544,2725.7857916355133
tgies_cifar10_resnet18_SGD_exponential_learning_rate_seed2_kstar1,tgies,cifar10,resnet18,SGD_exponential_learning_rate,2,200,94.48,3368192,66.31808,2732.977454185486
tgies_cifar10_resnet18_SGD_exponential_learning_rate_seed2_kstar2,tgies,cifar10,resnet18,SGD_exponential_learning_rate,2,200,94.62,3394688,66.05311999999999,2738.421714067459
tgies_cifar10_resnet18_SGD_exponential_learning_rate_seed1_kstar2,tgies,cifar10,resnet18,SGD_exponential_learning_rate,1,200,94.58,3432704,65.67296,2739.519669532776
tgies_cifar10_resnet18_SGD_exponential_learning_rate_seed0_kstar2,tgies,cifar10,resnet18,SGD_exponential_learning_rate,0,200,94.47,3447168,65.52832,2739.960241794586
tgies_cifar10_resnet18_SGD_exponential_learning_rate_seed0_kstar4,tgies,cifar10,resnet18,SGD_exponential_learning_rate,0,200,94.73,3663680,63.3632,2851.253295660019
tgies_cifar10_resnet18_SGD_exponential_learning_rate_seed1_kstar4,tgies,cifar10,resnet18,SGD_exponential_learning_rate,1,200,94.59,3639296,63.60703999999999,2845.8728380203247
tgies_cifar10_resnet18_SGD_exponential_learning_rate_seed2_kstar4,tgies,cifar10,resnet18,SGD_exponential_learning_rate,2,200,94.53,3723968,62.76032,2853.531990289688
tgies_cifar10_resnet18_SGD_exponential_learning_rate_seed1_kstar8,tgies,cifar10,resnet18,SGD_exponential_learning_rate,1,200,94.76,4082880,59.1712,2912.494069337845
tgies_cifar10_resnet18_SGD_exponential_learning_rate_seed0_kstar8,tgies,cifar10,resnet18,SGD_exponential_learning_rate,0,200,94.91,4081344,59.18656,2914.2481384277344
tgies_cifar10_resnet18_SGD_exponential_learning_rate_seed2_kstar8,tgies,cifar10,resnet18,SGD_exponential_learning_rate,2,200,94.74,4181440,58.185599999999994,2920.843461036682
tgies_cifar10_resnet18_SGD_exponential_learning_rate_seed0_kstar15,tgies,cifar10,resnet18,SGD_exponential_learning_rate,0,200,94.82,4595968,54.040319999999994,3196.9495482444763
tgies_cifar10_resnet18_SGD_exponential_learning_rate_seed1_kstar15,tgies,cifar10,resnet18,SGD_exponential_learning_rate,1,200,94.71,4702464,52.97536,3210.404191970825
tgies_cifar10_resnet18_SGD_exponential_learning_rate_seed2_kstar15,tgies,cifar10,resnet18,SGD_exponential_learning_rate,2,200,94.88,4688128,53.118719999999996,3201.171377658844
tgies_cifar10_resnet18_SGD_exponential_learning_rate_seed0_kstar30,tgies,cifar10,resnet18,SGD_exponential_learning_rate,0,200,94.93,5558080,44.419200000000004,3233.3638501167297
tgies_cifar10_resnet18_SGD_exponential_learning_rate_seed2_kstar30,tgies,cifar10,resnet18,SGD_exponential_learning_rate,2,200,94.77,5569664,44.303360000000005,3225.6764283180237
tgies_cifar10_resnet18_SGD_exponential_learning_rate_seed1_kstar30,tgies,cifar10,resnet18,SGD_exponential_learning_rate,1,200,94.92,5632960,43.6704,3234.4703557491302
selective_backprop_cifar10_resnet18_SGD_exponential_learning_rate_seed0,selective_backprop,cifar10,resnet18,SGD_exponential_learning_rate,0,200,93.44,3328512,66.71488,428.8258616924286
selective_backprop_cifar10_resnet18_SGD_exponential_learning_rate_seed1,selective_backprop,cifar10,resnet18,SGD_exponential_learning_rate,1,200,93.26,3326848,66.73152,432.73331212997437
selective_backprop_cifar10_resnet18_SGD_exponential_learning_rate_seed2,selective_backprop,cifar10,resnet18,SGD_exponential_learning_rate,2,200,93.24,3327936,66.72064,434.560200214386
tgies_cifar10_resnet18_SGD_exponential_learning_rate_seed0_reactprobe,tgies,cifar10,resnet18,SGD_exponential_learning_rate,0,200,94.72,4629376,53.706239999999994,684.2392022609711
tgies_cifar10_resnet18_SGD_exponential_learning_rate_seed1_reactprobe,tgies,cifar10,resnet18,SGD_exponential_learning_rate,1,200,94.54,4627840,53.7216,696.2808740139008
tgies_cifar10_resnet18_SGD_exponential_learning_rate_seed2_reactprobe,tgies,cifar10,resnet18,SGD_exponential_learning_rate,2,200,94.74,4645952,53.54048,691.0145525932312
tgies_cifar10_resnet18_SGD_exponential_learning_rate_seed0_deltagrid0.003,tgies,cifar10,resnet18,SGD_exponential_learning_rate,0,200,94.76,3862400,61.376,626.6664383411407
tgies_cifar10_resnet18_SGD_exponential_learning_rate_seed0_deltagrid0.005,tgies,cifar10,resnet18,SGD_exponential_learning_rate,0,200,94.39,3524736,64.75264,612.6081564426422
tgies_cifar10_resnet18_SGD_exponential_learning_rate_seed0_deltagrid0.015,tgies,cifar10,resnet18,SGD_exponential_learning_rate,0,200,94.52,2952768,70.47232,581.0018455982208
tgies_cifar10_resnet18_SGD_exponential_learning_rate_seed0_deltagrid0.03,tgies,cifar10,resnet18,SGD_exponential_learning_rate,0,200,94.27,2701824,72.98176000000001,572.0927925109863
tgies_cifar10_resnet18_SGD_exponential_learning_rate_seed0_deltagrid0.05,tgies,cifar10,resnet18,SGD_exponential_learning_rate,0,200,93.92,2552256,74.47744,556.4824826717377
tgies_cifar10_resnet18_SGD_exponential_learning_rate_seed1_reactprobe2,tgies,cifar10,resnet18,SGD_exponential_learning_rate,1,200,94.72,4640896,53.59104,1504.9041759967804
tgies_cifar10_resnet18_SGD_exponential_learning_rate_seed0_reactprobe2,tgies,cifar10,resnet18,SGD_exponential_learning_rate,0,200,94.73,4623616,53.76384000000001,1511.5087757110596
tgies_cifar10_resnet18_SGD_exponential_learning_rate_seed2_reactprobe2,tgies,cifar10,resnet18,SGD_exponential_learning_rate,2,200,94.45,4695360,53.046400000000006,1381.2316784858704
tgies_cifar10_resnet18_SGD_exponential_learning_rate_seed2_reactprobe2,tgies,cifar10,resnet18,SGD_exponential_learning_rate,2,200,94.75,4637248,53.62752,972.1364812850952
